sample_id,split,scene_label,image_path,mask_path,group_id
10165,validation,Flooded,Train/Labeled/Flooded/image/10165.jpg,Train/Labeled/Flooded/mask/10165_lab.png,10165
10166,train,Flooded,Train/Labeled/Flooded/image/10166.jpg,Train/Labeled/Flooded/mask/10166_lab.png,10166
10175,train,Non-Flooded,Train/Labeled/Non-Flooded/image/10175.jpg,Train/Labeled/Non-Flooded/mask/10175_lab.png,10175
10176,train,Non-Flooded,Train/Labeled/Non-Flooded/image/10176.jpg,Train/Labeled/Non-Flooded/mask/10176_lab.png,10176
10687,validation,Non-Flooded,Train/Labeled/Non-Flooded/image/10687.jpg,Train/Labeled/Non-Flooded/mask/10687_lab.png,10687
10811,train,Non-Flooded,Train/Labeled/Non-Flooded/image/10811.jpg,Train/Labeled/Non-Flooded/mask/10811_lab.png,10811
10817,train,Non-Flooded,Train/Labeled/Non-Flooded/image/10817.jpg,Train/Labeled/Non-Flooded/mask/10817_lab.png,10817
10819,train,Non-Flooded,Train/Labeled/Non-Flooded/image/10819.jpg,Train/Labeled/Non-Flooded/mask/10819_lab.png,10819
10828,train,Non-Flooded,Train/Labeled/Non-Flooded/image/10828.jpg,Train/Labeled/Non-Flooded/mask/10828_lab.png,10828
10836,train,Non-Flooded,Train/Labeled/Non-Flooded/image/10836.jpg,Train/Labeled/Non-Flooded/mask/10836_lab.png,10836
10837,train,Non-Flooded,Train/Labeled/Non-Flooded/image/10837.jpg,Train/Labeled/Non-Flooded/mask/10837_lab.png,10837
10840,validation,Non-Flooded,Train/Labeled/Non-Flooded/image/10840.jpg,Train/Labeled/Non-Flooded/mask/10840_lab.png,10840
6279,train,Flooded,Train/Labeled/Flooded/image/6279.jpg,Train/Labeled/Flooded/mask/6279_lab.png,6279
6332,train,Non-Flooded,Train/Labeled/Non-Flooded/image/6332.jpg,Train/Labeled/Non-Flooded/mask/6332_lab.png,6332
6338,train,Non-Flooded,Train/Labeled/Non-Flooded/image/6338.jpg,Train/Labeled/Non-Flooded/mask/6338_lab.png,6338
6348,train,Non-Flooded,Train/Labeled/Non-Flooded/image/6348.jpg,Train/Labeled/Non-Flooded/mask/6348_lab.png,6348
6359,test,Non-Flooded,Train/Labeled/Non-Flooded/image/6359.jpg,Train/Labeled/Non-Flooded/mask/6359_lab.png,6359
6368,train,Non-Flooded,Train/Labeled/Non-Flooded/image/6368.jpg,Train/Labeled/Non-Flooded/mask/6368_lab.png,6368
6370,train,Non-Flooded,Train/Labeled/Non-Flooded/image/6370.jpg,Train/Labeled/Non-Flooded/mask/6370_lab.png,6370
6386,test,Non-Flooded,Train/Labeled/Non-Flooded/image/6386.jpg,Train/Labeled/Non-Flooded/mask/6386_lab.png,6386
6393,train,Non-Flooded,Train/Labeled/Non-Flooded/image/6393.jpg,Train/Labeled/Non-Flooded/mask/6393_lab.png,6393
6395,train,Non-Flooded,Train/Labeled/Non-Flooded/image/6395.jpg,Train/Labeled/Non-Flooded/mask/6395_lab.png,6395
6397,test,Non-Flooded,Train/Labeled/Non-Flooded/image/6397.jpg,Train/Labeled/Non-Flooded/mask/6397_lab.png,6397
6413,train,Non-Flooded,Train/Labeled/Non-Flooded/image/6413.jpg,Train/Labeled/Non-Flooded/mask/6413_lab.png,6413
6421,train,Non-Flooded,Train/Labeled/Non-Flooded/image/6421.jpg,Train/Labeled/Non-Flooded/mask/6421_lab.png,6421
6426,train,Non-Flooded,Train/Labeled/Non-Flooded/image/6426.jpg,Train/Labeled/Non-Flooded/mask/6426_lab.png,6426
6430,validation,Non-Flooded,Train/Labeled/Non-Flooded/image/6430.jpg,Train/Labeled/Non-Flooded/mask/6430_lab.png,6430
6437,validation,Non-Flooded,Train/Labeled/Non-Flooded/image/6437.jpg,Train/Labeled/Non-Flooded/mask/6437_lab.png,6437
6447,train,Non-Flooded,Train/Labeled/Non-Flooded/image/6447.jpg,Train/Labeled/Non-Flooded/mask/6447_lab.png,6447
6454,train,Non-Flooded,Train/Labeled/Non-Flooded/image/6454.jpg,Train/Labeled/Non-Flooded/mask/6454_lab.png,6454
6455,test,Non-Flooded,Train/Labeled/Non-Flooded/image/6455.jpg,Train/Labeled/Non-Flooded/mask/6455_lab.png,6455
6458,train,Non-Flooded,Train/Labeled/Non-Flooded/image/6458.jpg,Train/Labeled/Non-Flooded/mask/6458_lab.png,6458
6459,train,Non-Flooded,Train/Labeled/Non-Flooded/image/6459.jpg,Train/Labeled/Non-Flooded/mask/6459_lab.png,6459
6463,train,Non-Flooded,Train/Labeled/Non-Flooded/image/6463.jpg,Train/Labeled/Non-Flooded/mask/6463_lab.png,6463
6464,test,Non-Flooded,Train/Labeled/Non-Flooded/image/6464.jpg,Train/Labeled/Non-Flooded/mask/6464_lab.png,6464
6465,train,Non-Flooded,Train/Labeled/Non-Flooded/image/6465.jpg,Train/Labeled/Non-Flooded/mask/6465_lab.png,6465
6477,train,Non-Flooded,Train/Labeled/Non-Flooded/image/6477.jpg,Train/Labeled/Non-Flooded/mask/6477_lab.png,6477
6478,train,Non-Flooded,Train/Labeled/Non-Flooded/image/6478.jpg,Train/Labeled/Non-Flooded/mask/6478_lab.png,6478
6512,train,Non-Flooded,Train/Labeled/Non-Flooded/image/6512.jpg,Train/Labeled/Non-Flooded/mask/6512_lab.png,6512
6535,test,Non-Flooded,Train/Labeled/Non-Flooded/image/6535.jpg,Train/Labeled/Non-Flooded/mask/6535_lab.png,6535
6540,train,Non-Flooded,Train/Labeled/Non-Flooded/image/6540.jpg,Train/Labeled/Non-Flooded/mask/6540_lab.png,6540
6549,train,Non-Flooded,Train/Labeled/Non-Flooded/image/6549.jpg,Train/Labeled/Non-Flooded/mask/6549_lab.png,6549
6555,train,Non-Flooded,Train/Labeled/Non-Flooded/image/6555.jpg,Train/Labeled/Non-Flooded/mask/6555_lab.png,6555
6556,validation,Non-Flooded,Train/Labeled/Non-Flooded/image/6556.jpg,Train/Labeled/Non-Flooded/mask/6556_lab.png,6556
6564,train,Non-Flooded,Train/Labeled/Non-Flooded/image/6564.jpg,Train/Labeled/Non-Flooded/mask/6564_lab.png,6564
6585,train,Non-Flooded,Train/Labeled/Non-Flooded/image/6585.jpg,Train/Labeled/Non-Flooded/mask/6585_lab.png,6585
6586,train,Non-Flooded,Train/Labeled/Non-Flooded/image/6586.jpg,Train/Labeled/Non-Flooded/mask/6586_lab.png,6586
6589,train,Non-Flooded,Train/Labeled/Non-Flooded/image/6589.jpg,Train/Labeled/Non-Flooded/mask/6589_lab.png,6589
6595,validation,Non-Flooded,Train/Labeled/Non-Flooded/image/6595.jpg,Train/Labeled/Non-Flooded/mask/6595_lab.png,6595
6600,train,Non-Flooded,Train/Labeled/Non-Flooded/image/6600.jpg,Train/Labeled/Non-Flooded/mask/6600_lab.png,6600
6614,test,Flooded,Train/Labeled/Flooded/image/6614.jpg,Train/Labeled/Flooded/mask/6614_lab.png,6614
6615,train,Flooded,Train/Labeled/Flooded/image/6615.jpg,Train/Labeled/Flooded/mask/6615_lab.png,6615
6618,train,Flooded,Train/Labeled/Flooded/image/6618.jpg,Train/Labeled/Flooded/mask/6618_lab.png,6618
6623,train,Non-Flooded,Train/Labeled/Non-Flooded/image/6623.jpg,Train/Labeled/Non-Flooded/mask/6623_lab.png,6623
6628,train,Non-Flooded,Train/Labeled/Non-Flooded/image/6628.jpg,Train/Labeled/Non-Flooded/mask/6628_lab.png,6628
6646,train,Non-Flooded,Train/Labeled/Non-Flooded/image/6646.jpg,Train/Labeled/Non-Flooded/mask/6646_lab.png,6646
6649,test,Non-Flooded,Train/Labeled/Non-Flooded/image/6649.jpg,Train/Labeled/Non-Flooded/mask/6649_lab.png,6649
6651,train,Non-Flooded,Train/Labeled/Non-Flooded/image/6651.jpg,Train/Labeled/Non-Flooded/mask/6651_lab.png,6651
6656,test,Non-Flooded,Train/Labeled/Non-Flooded/image/6656.jpg,Train/Labeled/Non-Flooded/mask/6656_lab.png,6656
6667,test,Non-Flooded,Train/Labeled/Non-Flooded/image/6667.jpg,Train/Labeled/Non-Flooded/mask/6667_lab.png,6667
6682,train,Non-Flooded,Train/Labeled/Non-Flooded/image/6682.jpg,Train/Labeled/Non-Flooded/mask/6682_lab.png,6682
6692,train,Non-Flooded,Train/Labeled/Non-Flooded/image/6692.jpg,Train/Labeled/Non-Flooded/mask/6692_lab.png,6692
6693,train,Non-Flooded,Train/Labeled/Non-Flooded/image/6693.jpg,Train/Labeled/Non-Flooded/mask/6693_lab.png,6693
6703,train,Flooded,Train/Labeled/Flooded/image/6703.jpg,Train/Labeled/Flooded/mask/6703_lab.png,6703
6704,validation,Flooded,Train/Labeled/Flooded/image/6704.jpg,Train/Labeled/Flooded/mask/6704_lab.png,6704
6706,train,Flooded,Train/Labeled/Flooded/image/6706.jpg,Train/Labeled/Flooded/mask/6706_lab.png,6706
6707,train,Flooded,Train/Labeled/Flooded/image/6707.jpg,Train/Labeled/Flooded/mask/6707_lab.png,6707
6716,train,Flooded,Train/Labeled/Flooded/image/6716.jpg,Train/Labeled/Flooded/mask/6716_lab.png,6716
6727,validation,Non-Flooded,Train/Labeled/Non-Flooded/image/6727.jpg,Train/Labeled/Non-Flooded/mask/6727_lab.png,6727
6731,train,Non-Flooded,Train/Labeled/Non-Flooded/image/6731.jpg,Train/Labeled/Non-Flooded/mask/6731_lab.png,6731
6734,train,Non-Flooded,Train/Labeled/Non-Flooded/image/6734.jpg,Train/Labeled/Non-Flooded/mask/6734_lab.png,6734
6735,train,Non-Flooded,Train/Labeled/Non-Flooded/image/6735.jpg,Train/Labeled/Non-Flooded/mask/6735_lab.png,6735
6742,train,Non-Flooded,Train/Labeled/Non-Flooded/image/6742.jpg,Train/Labeled/Non-Flooded/mask/6742_lab.png,6742
6747,train,Non-Flooded,Train/Labeled/Non-Flooded/image/6747.jpg,Train/Labeled/Non-Flooded/mask/6747_lab.png,6747
6750,train,Non-Flooded,Train/Labeled/Non-Flooded/image/6750.jpg,Train/Labeled/Non-Flooded/mask/6750_lab.png,6750
6773,train,Non-Flooded,Train/Labeled/Non-Flooded/image/6773.jpg,Train/Labeled/Non-Flooded/mask/6773_lab.png,6773
6788,train,Non-Flooded,Train/Labeled/Non-Flooded/image/6788.jpg,Train/Labeled/Non-Flooded/mask/6788_lab.png,6788
6792,train,Non-Flooded,Train/Labeled/Non-Flooded/image/6792.jpg,Train/Labeled/Non-Flooded/mask/6792_lab.png,6792
6802,validation,Non-Flooded,Train/Labeled/Non-Flooded/image/6802.jpg,Train/Labeled/Non-Flooded/mask/6802_lab.png,6802
6804,train,Non-Flooded,Train/Labeled/Non-Flooded/image/6804.jpg,Train/Labeled/Non-Flooded/mask/6804_lab.png,6804
6808,train,Non-Flooded,Train/Labeled/Non-Flooded/image/6808.jpg,Train/Labeled/Non-Flooded/mask/6808_lab.png,6808
6812,train,Non-Flooded,Train/Labeled/Non-Flooded/image/6812.jpg,Train/Labeled/Non-Flooded/mask/6812_lab.png,6812
6824,train,Non-Flooded,Train/Labeled/Non-Flooded/image/6824.jpg,Train/Labeled/Non-Flooded/mask/6824_lab.png,6824
6829,test,Non-Flooded,Train/Labeled/Non-Flooded/image/6829.jpg,Train/Labeled/Non-Flooded/mask/6829_lab.png,6829
6832,validation,Non-Flooded,Train/Labeled/Non-Flooded/image/6832.jpg,Train/Labeled/Non-Flooded/mask/6832_lab.png,6832
6836,train,Non-Flooded,Train/Labeled/Non-Flooded/image/6836.jpg,Train/Labeled/Non-Flooded/mask/6836_lab.png,6836
6838,train,Non-Flooded,Train/Labeled/Non-Flooded/image/6838.jpg,Train/Labeled/Non-Flooded/mask/6838_lab.png,6838
6839,train,Non-Flooded,Train/Labeled/Non-Flooded/image/6839.jpg,Train/Labeled/Non-Flooded/mask/6839_lab.png,6839
6842,train,Non-Flooded,Train/Labeled/Non-Flooded/image/6842.jpg,Train/Labeled/Non-Flooded/mask/6842_lab.png,6842
6843,test,Non-Flooded,Train/Labeled/Non-Flooded/image/6843.jpg,Train/Labeled/Non-Flooded/mask/6843_lab.png,6843
6854,validation,Non-Flooded,Train/Labeled/Non-Flooded/image/6854.jpg,Train/Labeled/Non-Flooded/mask/6854_lab.png,6854
6855,train,Non-Flooded,Train/Labeled/Non-Flooded/image/6855.jpg,Train/Labeled/Non-Flooded/mask/6855_lab.png,6855
6860,train,Non-Flooded,Train/Labeled/Non-Flooded/image/6860.jpg,Train/Labeled/Non-Flooded/mask/6860_lab.png,6860
6918,train,Non-Flooded,Train/Labeled/Non-Flooded/image/6918.jpg,Train/Labeled/Non-Flooded/mask/6918_lab.png,6918
6919,test,Non-Flooded,Train/Labeled/Non-Flooded/image/6919.jpg,Train/Labeled/Non-Flooded/mask/6919_lab.png,6919
6924,validation,Non-Flooded,Train/Labeled/Non-Flooded/image/6924.jpg,Train/Labeled/Non-Flooded/mask/6924_lab.png,6924
6938,train,Non-Flooded,Train/Labeled/Non-Flooded/image/6938.jpg,Train/Labeled/Non-Flooded/mask/6938_lab.png,6938
6953,validation,Non-Flooded,Train/Labeled/Non-Flooded/image/6953.jpg,Train/Labeled/Non-Flooded/mask/6953_lab.png,6953
6955,test,Non-Flooded,Train/Labeled/Non-Flooded/image/6955.jpg,Train/Labeled/Non-Flooded/mask/6955_lab.png,6955
6960,train,Non-Flooded,Train/Labeled/Non-Flooded/image/6960.jpg,Train/Labeled/Non-Flooded/mask/6960_lab.png,6960
6964,validation,Non-Flooded,Train/Labeled/Non-Flooded/image/6964.jpg,Train/Labeled/Non-Flooded/mask/6964_lab.png,6964
6978,train,Non-Flooded,Train/Labeled/Non-Flooded/image/6978.jpg,Train/Labeled/Non-Flooded/mask/6978_lab.png,6978
6982,test,Non-Flooded,Train/Labeled/Non-Flooded/image/6982.jpg,Train/Labeled/Non-Flooded/mask/6982_lab.png,6982
6994,train,Non-Flooded,Train/Labeled/Non-Flooded/image/6994.jpg,Train/Labeled/Non-Flooded/mask/6994_lab.png,6994
6997,train,Non-Flooded,Train/Labeled/Non-Flooded/image/6997.jpg,Train/Labeled/Non-Flooded/mask/6997_lab.png,6997
6999,validation,Non-Flooded,Train/Labeled/Non-Flooded/image/6999.jpg,Train/Labeled/Non-Flooded/mask/6999_lab.png,6999
7003,train,Non-Flooded,Train/Labeled/Non-Flooded/image/7003.jpg,Train/Labeled/Non-Flooded/mask/7003_lab.png,7003
7010,train,Non-Flooded,Train/Labeled/Non-Flooded/image/7010.jpg,Train/Labeled/Non-Flooded/mask/7010_lab.png,7010
7014,train,Non-Flooded,Train/Labeled/Non-Flooded/image/7014.jpg,Train/Labeled/Non-Flooded/mask/7014_lab.png,7014
7018,test,Non-Flooded,Train/Labeled/Non-Flooded/image/7018.jpg,Train/Labeled/Non-Flooded/mask/7018_lab.png,7018
7024,validation,Non-Flooded,Train/Labeled/Non-Flooded/image/7024.jpg,Train/Labeled/Non-Flooded/mask/7024_lab.png,7024
7033,train,Non-Flooded,Train/Labeled/Non-Flooded/image/7033.jpg,Train/Labeled/Non-Flooded/mask/7033_lab.png,7033
7039,test,Non-Flooded,Train/Labeled/Non-Flooded/image/7039.jpg,Train/Labeled/Non-Flooded/mask/7039_lab.png,7039
7046,train,Non-Flooded,Train/Labeled/Non-Flooded/image/7046.jpg,Train/Labeled/Non-Flooded/mask/7046_lab.png,7046
7049,validation,Non-Flooded,Train/Labeled/Non-Flooded/image/7049.jpg,Train/Labeled/Non-Flooded/mask/7049_lab.png,7049
7050,validation,Non-Flooded,Train/Labeled/Non-Flooded/image/7050.jpg,Train/Labeled/Non-Flooded/mask/7050_lab.png,7049
7051,train,Non-Flooded,Train/Labeled/Non-Flooded/image/7051.jpg,Train/Labeled/Non-Flooded/mask/7051_lab.png,7051
7053,train,Non-Flooded,Train/Labeled/Non-Flooded/image/7053.jpg,Train/Labeled/Non-Flooded/mask/7053_lab.png,7053
7064,validation,Non-Flooded,Train/Labeled/Non-Flooded/image/7064.jpg,Train/Labeled/Non-Flooded/mask/7064_lab.png,7064
7071,train,Non-Flooded,Train/Labeled/Non-Flooded/image/7071.jpg,Train/Labeled/Non-Flooded/mask/7071_lab.png,7071
7072,train,Non-Flooded,Train/Labeled/Non-Flooded/image/7072.jpg,Train/Labeled/Non-Flooded/mask/7072_lab.png,7072
7077,validation,Non-Flooded,Train/Labeled/Non-Flooded/image/7077.jpg,Train/Labeled/Non-Flooded/mask/7077_lab.png,7077
7078,train,Non-Flooded,Train/Labeled/Non-Flooded/image/7078.jpg,Train/Labeled/Non-Flooded/mask/7078_lab.png,7078
7081,train,Non-Flooded,Train/Labeled/Non-Flooded/image/7081.jpg,Train/Labeled/Non-Flooded/mask/7081_lab.png,7081
7083,train,Non-Flooded,Train/Labeled/Non-Flooded/image/7083.jpg,Train/Labeled/Non-Flooded/mask/7083_lab.png,7083
7088,validation,Non-Flooded,Train/Labeled/Non-Flooded/image/7088.jpg,Train/Labeled/Non-Flooded/mask/7088_lab.png,7088
7098,train,Non-Flooded,Train/Labeled/Non-Flooded/image/7098.jpg,Train/Labeled/Non-Flooded/mask/7098_lab.png,7098
7100,train,Non-Flooded,Train/Labeled/Non-Flooded/image/7100.jpg,Train/Labeled/Non-Flooded/mask/7100_lab.png,7100
7102,test,Non-Flooded,Train/Labeled/Non-Flooded/image/7102.jpg,Train/Labeled/Non-Flooded/mask/7102_lab.png,7102
7103,train,Non-Flooded,Train/Labeled/Non-Flooded/image/7103.jpg,Train/Labeled/Non-Flooded/mask/7103_lab.png,7103
7109,train,Non-Flooded,Train/Labeled/Non-Flooded/image/7109.jpg,Train/Labeled/Non-Flooded/mask/7109_lab.png,7109
7124,train,Non-Flooded,Train/Labeled/Non-Flooded/image/7124.jpg,Train/Labeled/Non-Flooded/mask/7124_lab.png,7124
7128,train,Non-Flooded,Train/Labeled/Non-Flooded/image/7128.jpg,Train/Labeled/Non-Flooded/mask/7128_lab.png,7128
7146,train,Non-Flooded,Train/Labeled/Non-Flooded/image/7146.jpg,Train/Labeled/Non-Flooded/mask/7146_lab.png,7146
7160,train,Non-Flooded,Train/Labeled/Non-Flooded/image/7160.jpg,Train/Labeled/Non-Flooded/mask/7160_lab.png,7160
7162,train,Non-Flooded,Train/Labeled/Non-Flooded/image/7162.jpg,Train/Labeled/Non-Flooded/mask/7162_lab.png,7162
7170,train,Non-Flooded,Train/Labeled/Non-Flooded/image/7170.jpg,Train/Labeled/Non-Flooded/mask/7170_lab.png,7170
7178,train,Non-Flooded,Train/Labeled/Non-Flooded/image/7178.jpg,Train/Labeled/Non-Flooded/mask/7178_lab.png,7178
7183,test,Non-Flooded,Train/Labeled/Non-Flooded/image/7183.jpg,Train/Labeled/Non-Flooded/mask/7183_lab.png,7183
7184,train,Non-Flooded,Train/Labeled/Non-Flooded/image/7184.jpg,Train/Labeled/Non-Flooded/mask/7184_lab.png,7184
7185,train,Non-Flooded,Train/Labeled/Non-Flooded/image/7185.jpg,Train/Labeled/Non-Flooded/mask/7185_lab.png,7185
7192,train,Non-Flooded,Train/Labeled/Non-Flooded/image/7192.jpg,Train/Labeled/Non-Flooded/mask/7192_lab.png,7192
7195,train,Non-Flooded,Train/Labeled/Non-Flooded/image/7195.jpg,Train/Labeled/Non-Flooded/mask/7195_lab.png,7195
7199,train,Flooded,Train/Labeled/Flooded/image/7199.jpg,Train/Labeled/Flooded/mask/7199_lab.png,7199
7202,train,Flooded,Train/Labeled/Flooded/image/7202.jpg,Train/Labeled/Flooded/mask/7202_lab.png,7202
7214,train,Non-Flooded,Train/Labeled/Non-Flooded/image/7214.jpg,Train/Labeled/Non-Flooded/mask/7214_lab.png,7214
7219,test,Non-Flooded,Train/Labeled/Non-Flooded/image/7219.jpg,Train/Labeled/Non-Flooded/mask/7219_lab.png,7219
7225,train,Non-Flooded,Train/Labeled/Non-Flooded/image/7225.jpg,Train/Labeled/Non-Flooded/mask/7225_lab.png,7225
7238,train,Non-Flooded,Train/Labeled/Non-Flooded/image/7238.jpg,Train/Labeled/Non-Flooded/mask/7238_lab.png,7238
7240,train,Flooded,Train/Labeled/Flooded/image/7240.jpg,Train/Labeled/Flooded/mask/7240_lab.png,7240
7243,train,Flooded,Train/Labeled/Flooded/image/7243.jpg,Train/Labeled/Flooded/mask/7243_lab.png,7243
7261,train,Flooded,Train/Labeled/Flooded/image/7261.jpg,Train/Labeled/Flooded/mask/7261_lab.png,7261
7266,train,Flooded,Train/Labeled/Flooded/image/7266.jpg,Train/Labeled/Flooded/mask/7266_lab.png,7266
7267,train,Flooded,Train/Labeled/Flooded/image/7267.jpg,Train/Labeled/Flooded/mask/7267_lab.png,7267
7273,test,Flooded,Train/Labeled/Flooded/image/7273.jpg,Train/Labeled/Flooded/mask/7273_lab.png,7273
7282,train,Non-Flooded,Train/Labeled/Non-Flooded/image/7282.jpg,Train/Labeled/Non-Flooded/mask/7282_lab.png,7282
7289,train,Flooded,Train/Labeled/Flooded/image/7289.jpg,Train/Labeled/Flooded/mask/7289_lab.png,7289
7298,train,Flooded,Train/Labeled/Flooded/image/7298.jpg,Train/Labeled/Flooded/mask/7298_lab.png,7298
7317,validation,Flooded,Train/Labeled/Flooded/image/7317.jpg,Train/Labeled/Flooded/mask/7317_lab.png,7317
7321,train,Flooded,Train/Labeled/Flooded/image/7321.jpg,Train/Labeled/Flooded/mask/7321_lab.png,7321
7325,validation,Flooded,Train/Labeled/Flooded/image/7325.jpg,Train/Labeled/Flooded/mask/7325_lab.png,7325
7330,train,Flooded,Train/Labeled/Flooded/image/7330.jpg,Train/Labeled/Flooded/mask/7330_lab.png,7330
7331,train,Flooded,Train/Labeled/Flooded/image/7331.jpg,Train/Labeled/Flooded/mask/7331_lab.png,7331
7332,train,Flooded,Train/Labeled/Flooded/image/7332.jpg,Train/Labeled/Flooded/mask/7332_lab.png,7332
7357,train,Flooded,Train/Labeled/Flooded/image/7357.jpg,Train/Labeled/Flooded/mask/7357_lab.png,7357
7362,train,Flooded,Train/Labeled/Flooded/image/7362.jpg,Train/Labeled/Flooded/mask/7362_lab.png,7362
7364,train,Flooded,Train/Labeled/Flooded/image/7364.jpg,Train/Labeled/Flooded/mask/7364_lab.png,7364
7372,validation,Flooded,Train/Labeled/Flooded/image/7372.jpg,Train/Labeled/Flooded/mask/7372_lab.png,7372
7405,train,Flooded,Train/Labeled/Flooded/image/7405.jpg,Train/Labeled/Flooded/mask/7405_lab.png,7405
7414,test,Flooded,Train/Labeled/Flooded/image/7414.jpg,Train/Labeled/Flooded/mask/7414_lab.png,7414
7418,validation,Flooded,Train/Labeled/Flooded/image/7418.jpg,Train/Labeled/Flooded/mask/7418_lab.png,7418
7428,test,Flooded,Train/Labeled/Flooded/image/7428.jpg,Train/Labeled/Flooded/mask/7428_lab.png,7428
7434,test,Flooded,Train/Labeled/Flooded/image/7434.jpg,Train/Labeled/Flooded/mask/7434_lab.png,7434
7463,test,Flooded,Train/Labeled/Flooded/image/7463.jpg,Train/Labeled/Flooded/mask/7463_lab.png,7463
7466,train,Flooded,Train/Labeled/Flooded/image/7466.jpg,Train/Labeled/Flooded/mask/7466_lab.png,7466
7473,train,Flooded,Train/Labeled/Flooded/image/7473.jpg,Train/Labeled/Flooded/mask/7473_lab.png,7473
7485,train,Flooded,Train/Labeled/Flooded/image/7485.jpg,Train/Labeled/Flooded/mask/7485_lab.png,7485
7488,train,Flooded,Train/Labeled/Flooded/image/7488.jpg,Train/Labeled/Flooded/mask/7488_lab.png,7488
7523,train,Flooded,Train/Labeled/Flooded/image/7523.jpg,Train/Labeled/Flooded/mask/7523_lab.png,7523
7524,train,Flooded,Train/Labeled/Flooded/image/7524.jpg,Train/Labeled/Flooded/mask/7524_lab.png,7524
7546,validation,Non-Flooded,Train/Labeled/Non-Flooded/image/7546.jpg,Train/Labeled/Non-Flooded/mask/7546_lab.png,7546
7556,validation,Flooded,Train/Labeled/Flooded/image/7556.jpg,Train/Labeled/Flooded/mask/7556_lab.png,7556
7571,train,Flooded,Train/Labeled/Flooded/image/7571.jpg,Train/Labeled/Flooded/mask/7571_lab.png,7571
7587,test,Flooded,Train/Labeled/Flooded/image/7587.jpg,Train/Labeled/Flooded/mask/7587_lab.png,7587
7594,train,Flooded,Train/Labeled/Flooded/image/7594.jpg,Train/Labeled/Flooded/mask/7594_lab.png,7594
7646,train,Non-Flooded,Train/Labeled/Non-Flooded/image/7646.jpg,Train/Labeled/Non-Flooded/mask/7646_lab.png,7646
7650,test,Non-Flooded,Train/Labeled/Non-Flooded/image/7650.jpg,Train/Labeled/Non-Flooded/mask/7650_lab.png,7650
7654,train,Non-Flooded,Train/Labeled/Non-Flooded/image/7654.jpg,Train/Labeled/Non-Flooded/mask/7654_lab.png,7654
7671,validation,Non-Flooded,Train/Labeled/Non-Flooded/image/7671.jpg,Train/Labeled/Non-Flooded/mask/7671_lab.png,7671
7672,train,Non-Flooded,Train/Labeled/Non-Flooded/image/7672.jpg,Train/Labeled/Non-Flooded/mask/7672_lab.png,7672
7674,train,Non-Flooded,Train/Labeled/Non-Flooded/image/7674.jpg,Train/Labeled/Non-Flooded/mask/7674_lab.png,7674
7675,train,Non-Flooded,Train/Labeled/Non-Flooded/image/7675.jpg,Train/Labeled/Non-Flooded/mask/7675_lab.png,7675
7692,train,Non-Flooded,Train/Labeled/Non-Flooded/image/7692.jpg,Train/Labeled/Non-Flooded/mask/7692_lab.png,7692
7697,validation,Non-Flooded,Train/Labeled/Non-Flooded/image/7697.jpg,Train/Labeled/Non-Flooded/mask/7697_lab.png,7697
7706,train,Non-Flooded,Train/Labeled/Non-Flooded/image/7706.jpg,Train/Labeled/Non-Flooded/mask/7706_lab.png,7706
7709,train,Non-Flooded,Train/Labeled/Non-Flooded/image/7709.jpg,Train/Labeled/Non-Flooded/mask/7709_lab.png,7709
7711,train,Non-Flooded,Train/Labeled/Non-Flooded/image/7711.jpg,Train/Labeled/Non-Flooded/mask/7711_lab.png,7711
7712,test,Non-Flooded,Train/Labeled/Non-Flooded/image/7712.jpg,Train/Labeled/Non-Flooded/mask/7712_lab.png,7712
7713,train,Non-Flooded,Train/Labeled/Non-Flooded/image/7713.jpg,Train/Labeled/Non-Flooded/mask/7713_lab.png,7713
7717,test,Non-Flooded,Train/Labeled/Non-Flooded/image/7717.jpg,Train/Labeled/Non-Flooded/mask/7717_lab.png,7717
7718,train,Non-Flooded,Train/Labeled/Non-Flooded/image/7718.jpg,Train/Labeled/Non-Flooded/mask/7718_lab.png,7718
7721,train,Non-Flooded,Train/Labeled/Non-Flooded/image/7721.jpg,Train/Labeled/Non-Flooded/mask/7721_lab.png,7721
7724,validation,Non-Flooded,Train/Labeled/Non-Flooded/image/7724.jpg,Train/Labeled/Non-Flooded/mask/7724_lab.png,7724
7726,validation,Non-Flooded,Train/Labeled/Non-Flooded/image/7726.jpg,Train/Labeled/Non-Flooded/mask/7726_lab.png,7726
7727,train,Non-Flooded,Train/Labeled/Non-Flooded/image/7727.jpg,Train/Labeled/Non-Flooded/mask/7727_lab.png,7727
7749,train,Non-Flooded,Train/Labeled/Non-Flooded/image/7749.jpg,Train/Labeled/Non-Flooded/mask/7749_lab.png,7749
7751,train,Non-Flooded,Train/Labeled/Non-Flooded/image/7751.jpg,Train/Labeled/Non-Flooded/mask/7751_lab.png,7751
7752,train,Non-Flooded,Train/Labeled/Non-Flooded/image/7752.jpg,Train/Labeled/Non-Flooded/mask/7752_lab.png,7752
7754,test,Non-Flooded,Train/Labeled/Non-Flooded/image/7754.jpg,Train/Labeled/Non-Flooded/mask/7754_lab.png,7754
7764,train,Non-Flooded,Train/Labeled/Non-Flooded/image/7764.jpg,Train/Labeled/Non-Flooded/mask/7764_lab.png,7764
7774,test,Non-Flooded,Train/Labeled/Non-Flooded/image/7774.jpg,Train/Labeled/Non-Flooded/mask/7774_lab.png,7774
7775,validation,Non-Flooded,Train/Labeled/Non-Flooded/image/7775.jpg,Train/Labeled/Non-Flooded/mask/7775_lab.png,7775
7789,train,Non-Flooded,Train/Labeled/Non-Flooded/image/7789.jpg,Train/Labeled/Non-Flooded/mask/7789_lab.png,7789
7791,train,Non-Flooded,Train/Labeled/Non-Flooded/image/7791.jpg,Train/Labeled/Non-Flooded/mask/7791_lab.png,7791
7801,train,Non-Flooded,Train/Labeled/Non-Flooded/image/7801.jpg,Train/Labeled/Non-Flooded/mask/7801_lab.png,7801
7802,train,Non-Flooded,Train/Labeled/Non-Flooded/image/7802.jpg,Train/Labeled/Non-Flooded/mask/7802_lab.png,7802
7806,train,Non-Flooded,Train/Labeled/Non-Flooded/image/7806.jpg,Train/Labeled/Non-Flooded/mask/7806_lab.png,7806
7808,validation,Non-Flooded,Train/Labeled/Non-Flooded/image/7808.jpg,Train/Labeled/Non-Flooded/mask/7808_lab.png,7808
7815,test,Non-Flooded,Train/Labeled/Non-Flooded/image/7815.jpg,Train/Labeled/Non-Flooded/mask/7815_lab.png,7815
7820,test,Non-Flooded,Train/Labeled/Non-Flooded/image/7820.jpg,Train/Labeled/Non-Flooded/mask/7820_lab.png,7820
7825,validation,Non-Flooded,Train/Labeled/Non-Flooded/image/7825.jpg,Train/Labeled/Non-Flooded/mask/7825_lab.png,7825
7829,train,Non-Flooded,Train/Labeled/Non-Flooded/image/7829.jpg,Train/Labeled/Non-Flooded/mask/7829_lab.png,7829
7831,test,Non-Flooded,Train/Labeled/Non-Flooded/image/7831.jpg,Train/Labeled/Non-Flooded/mask/7831_lab.png,7831
7852,train,Non-Flooded,Train/Labeled/Non-Flooded/image/7852.jpg,Train/Labeled/Non-Flooded/mask/7852_lab.png,7852
7862,train,Non-Flooded,Train/Labeled/Non-Flooded/image/7862.jpg,Train/Labeled/Non-Flooded/mask/7862_lab.png,7862
7867,train,Non-Flooded,Train/Labeled/Non-Flooded/image/7867.jpg,Train/Labeled/Non-Flooded/mask/7867_lab.png,7867
7872,train,Non-Flooded,Train/Labeled/Non-Flooded/image/7872.jpg,Train/Labeled/Non-Flooded/mask/7872_lab.png,7872
7879,train,Non-Flooded,Train/Labeled/Non-Flooded/image/7879.jpg,Train/Labeled/Non-Flooded/mask/7879_lab.png,7879
7882,train,Non-Flooded,Train/Labeled/Non-Flooded/image/7882.jpg,Train/Labeled/Non-Flooded/mask/7882_lab.png,7882
7884,train,Non-Flooded,Train/Labeled/Non-Flooded/image/7884.jpg,Train/Labeled/Non-Flooded/mask/7884_lab.png,7884
7893,train,Non-Flooded,Train/Labeled/Non-Flooded/image/7893.jpg,Train/Labeled/Non-Flooded/mask/7893_lab.png,7893
7901,train,Non-Flooded,Train/Labeled/Non-Flooded/image/7901.jpg,Train/Labeled/Non-Flooded/mask/7901_lab.png,7901
7907,test,Non-Flooded,Train/Labeled/Non-Flooded/image/7907.jpg,Train/Labeled/Non-Flooded/mask/7907_lab.png,7907
7909,train,Non-Flooded,Train/Labeled/Non-Flooded/image/7909.jpg,Train/Labeled/Non-Flooded/mask/7909_lab.png,7909
7914,train,Non-Flooded,Train/Labeled/Non-Flooded/image/7914.jpg,Train/Labeled/Non-Flooded/mask/7914_lab.png,7914
7917,train,Non-Flooded,Train/Labeled/Non-Flooded/image/7917.jpg,Train/Labeled/Non-Flooded/mask/7917_lab.png,7917
7918,train,Non-Flooded,Train/Labeled/Non-Flooded/image/7918.jpg,Train/Labeled/Non-Flooded/mask/7918_lab.png,7918
7920,test,Non-Flooded,Train/Labeled/Non-Flooded/image/7920.jpg,Train/Labeled/Non-Flooded/mask/7920_lab.png,7920
7925,train,Non-Flooded,Train/Labeled/Non-Flooded/image/7925.jpg,Train/Labeled/Non-Flooded/mask/7925_lab.png,7925
7929,train,Non-Flooded,Train/Labeled/Non-Flooded/image/7929.jpg,Train/Labeled/Non-Flooded/mask/7929_lab.png,7929
7931,validation,Non-Flooded,Train/Labeled/Non-Flooded/image/7931.jpg,Train/Labeled/Non-Flooded/mask/7931_lab.png,7931
7944,test,Non-Flooded,Train/Labeled/Non-Flooded/image/7944.jpg,Train/Labeled/Non-Flooded/mask/7944_lab.png,7944
7965,validation,Non-Flooded,Train/Labeled/Non-Flooded/image/7965.jpg,Train/Labeled/Non-Flooded/mask/7965_lab.png,7965
7967,train,Non-Flooded,Train/Labeled/Non-Flooded/image/7967.jpg,Train/Labeled/Non-Flooded/mask/7967_lab.png,7967
7972,train,Non-Flooded,Train/Labeled/Non-Flooded/image/7972.jpg,Train/Labeled/Non-Flooded/mask/7972_lab.png,7972
7973,train,Non-Flooded,Train/Labeled/Non-Flooded/image/7973.jpg,Train/Labeled/Non-Flooded/mask/7973_lab.png,7973
7980,train,Non-Flooded,Train/Labeled/Non-Flooded/image/7980.jpg,Train/Labeled/Non-Flooded/mask/7980_lab.png,7980
7982,train,Non-Flooded,Train/Labeled/Non-Flooded/image/7982.jpg,Train/Labeled/Non-Flooded/mask/7982_lab.png,7982
7998,train,Non-Flooded,Train/Labeled/Non-Flooded/image/7998.jpg,Train/Labeled/Non-Flooded/mask/7998_lab.png,7998
7999,test,Non-Flooded,Train/Labeled/Non-Flooded/image/7999.jpg,Train/Labeled/Non-Flooded/mask/7999_lab.png,7999
8005,validation,Non-Flooded,Train/Labeled/Non-Flooded/image/8005.jpg,Train/Labeled/Non-Flooded/mask/8005_lab.png,8005
8009,train,Non-Flooded,Train/Labeled/Non-Flooded/image/8009.jpg,Train/Labeled/Non-Flooded/mask/8009_lab.png,8009
8015,train,Non-Flooded,Train/Labeled/Non-Flooded/image/8015.jpg,Train/Labeled/Non-Flooded/mask/8015_lab.png,8015
8033,train,Non-Flooded,Train/Labeled/Non-Flooded/image/8033.jpg,Train/Labeled/Non-Flooded/mask/8033_lab.png,8033
8051,train,Non-Flooded,Train/Labeled/Non-Flooded/image/8051.jpg,Train/Labeled/Non-Flooded/mask/8051_lab.png,8051
8057,train,Non-Flooded,Train/Labeled/Non-Flooded/image/8057.jpg,Train/Labeled/Non-Flooded/mask/8057_lab.png,8057
8060,train,Non-Flooded,Train/Labeled/Non-Flooded/image/8060.jpg,Train/Labeled/Non-Flooded/mask/8060_lab.png,8060
8061,train,Non-Flooded,Train/Labeled/Non-Flooded/image/8061.jpg,Train/Labeled/Non-Flooded/mask/8061_lab.png,8061
8063,train,Non-Flooded,Train/Labeled/Non-Flooded/image/8063.jpg,Train/Labeled/Non-Flooded/mask/8063_lab.png,8063
8068,validation,Non-Flooded,Train/Labeled/Non-Flooded/image/8068.jpg,Train/Labeled/Non-Flooded/mask/8068_lab.png,8068
8074,train,Non-Flooded,Train/Labeled/Non-Flooded/image/8074.jpg,Train/Labeled/Non-Flooded/mask/8074_lab.png,8074
8075,validation,Non-Flooded,Train/Labeled/Non-Flooded/image/8075.jpg,Train/Labeled/Non-Flooded/mask/8075_lab.png,8075
8086,train,Non-Flooded,Train/Labeled/Non-Flooded/image/8086.jpg,Train/Labeled/Non-Flooded/mask/8086_lab.png,8086
8087,train,Non-Flooded,Train/Labeled/Non-Flooded/image/8087.jpg,Train/Labeled/Non-Flooded/mask/8087_lab.png,8087
8094,train,Non-Flooded,Train/Labeled/Non-Flooded/image/8094.jpg,Train/Labeled/Non-Flooded/mask/8094_lab.png,8094
8096,train,Non-Flooded,Train/Labeled/Non-Flooded/image/8096.jpg,Train/Labeled/Non-Flooded/mask/8096_lab.png,8096
8101,validation,Non-Flooded,Train/Labeled/Non-Flooded/image/8101.jpg,Train/Labeled/Non-Flooded/mask/8101_lab.png,8101
8102,train,Non-Flooded,Train/Labeled/Non-Flooded/image/8102.jpg,Train/Labeled/Non-Flooded/mask/8102_lab.png,8102
8106,train,Non-Flooded,Train/Labeled/Non-Flooded/image/8106.jpg,Train/Labeled/Non-Flooded/mask/8106_lab.png,8106
8117,validation,Non-Flooded,Train/Labeled/Non-Flooded/image/8117.jpg,Train/Labeled/Non-Flooded/mask/8117_lab.png,8117
8119,train,Non-Flooded,Train/Labeled/Non-Flooded/image/8119.jpg,Train/Labeled/Non-Flooded/mask/8119_lab.png,8119
8130,train,Non-Flooded,Train/Labeled/Non-Flooded/image/8130.jpg,Train/Labeled/Non-Flooded/mask/8130_lab.png,8130
8137,train,Non-Flooded,Train/Labeled/Non-Flooded/image/8137.jpg,Train/Labeled/Non-Flooded/mask/8137_lab.png,8137
8141,train,Non-Flooded,Train/Labeled/Non-Flooded/image/8141.jpg,Train/Labeled/Non-Flooded/mask/8141_lab.png,8141
8146,train,Non-Flooded,Train/Labeled/Non-Flooded/image/8146.jpg,Train/Labeled/Non-Flooded/mask/8146_lab.png,8146
8153,test,Non-Flooded,Train/Labeled/Non-Flooded/image/8153.jpg,Train/Labeled/Non-Flooded/mask/8153_lab.png,8153
8157,train,Non-Flooded,Train/Labeled/Non-Flooded/image/8157.jpg,Train/Labeled/Non-Flooded/mask/8157_lab.png,8157
8159,test,Non-Flooded,Train/Labeled/Non-Flooded/image/8159.jpg,Train/Labeled/Non-Flooded/mask/8159_lab.png,8159
8161,train,Non-Flooded,Train/Labeled/Non-Flooded/image/8161.jpg,Train/Labeled/Non-Flooded/mask/8161_lab.png,8161
8165,validation,Non-Flooded,Train/Labeled/Non-Flooded/image/8165.jpg,Train/Labeled/Non-Flooded/mask/8165_lab.png,8165
8172,train,Non-Flooded,Train/Labeled/Non-Flooded/image/8172.jpg,Train/Labeled/Non-Flooded/mask/8172_lab.png,8172
8176,train,Non-Flooded,Train/Labeled/Non-Flooded/image/8176.jpg,Train/Labeled/Non-Flooded/mask/8176_lab.png,8176
8185,train,Non-Flooded,Train/Labeled/Non-Flooded/image/8185.jpg,Train/Labeled/Non-Flooded/mask/8185_lab.png,8185
8210,train,Non-Flooded,Train/Labeled/Non-Flooded/image/8210.jpg,Train/Labeled/Non-Flooded/mask/8210_lab.png,8210
8212,train,Non-Flooded,Train/Labeled/Non-Flooded/image/8212.jpg,Train/Labeled/Non-Flooded/mask/8212_lab.png,8212
8217,train,Non-Flooded,Train/Labeled/Non-Flooded/image/8217.jpg,Train/Labeled/Non-Flooded/mask/8217_lab.png,8217
8229,validation,Non-Flooded,Train/Labeled/Non-Flooded/image/8229.jpg,Train/Labeled/Non-Flooded/mask/8229_lab.png,8229
8232,train,Non-Flooded,Train/Labeled/Non-Flooded/image/8232.jpg,Train/Labeled/Non-Flooded/mask/8232_lab.png,8232
8242,train,Non-Flooded,Train/Labeled/Non-Flooded/image/8242.jpg,Train/Labeled/Non-Flooded/mask/8242_lab.png,8242
8243,train,Non-Flooded,Train/Labeled/Non-Flooded/image/8243.jpg,Train/Labeled/Non-Flooded/mask/8243_lab.png,8243
8244,train,Non-Flooded,Train/Labeled/Non-Flooded/image/8244.jpg,Train/Labeled/Non-Flooded/mask/8244_lab.png,8244
8247,train,Non-Flooded,Train/Labeled/Non-Flooded/image/8247.jpg,Train/Labeled/Non-Flooded/mask/8247_lab.png,8247
8264,train,Non-Flooded,Train/Labeled/Non-Flooded/image/8264.jpg,Train/Labeled/Non-Flooded/mask/8264_lab.png,8264
8267,train,Non-Flooded,Train/Labeled/Non-Flooded/image/8267.jpg,Train/Labeled/Non-Flooded/mask/8267_lab.png,8267
8269,validation,Non-Flooded,Train/Labeled/Non-Flooded/image/8269.jpg,Train/Labeled/Non-Flooded/mask/8269_lab.png,8269
8286,validation,Non-Flooded,Train/Labeled/Non-Flooded/image/8286.jpg,Train/Labeled/Non-Flooded/mask/8286_lab.png,8286
8288,train,Non-Flooded,Train/Labeled/Non-Flooded/image/8288.jpg,Train/Labeled/Non-Flooded/mask/8288_lab.png,8288
8306,train,Non-Flooded,Train/Labeled/Non-Flooded/image/8306.jpg,Train/Labeled/Non-Flooded/mask/8306_lab.png,8306
8317,train,Non-Flooded,Train/Labeled/Non-Flooded/image/8317.jpg,Train/Labeled/Non-Flooded/mask/8317_lab.png,8317
8319,validation,Non-Flooded,Train/Labeled/Non-Flooded/image/8319.jpg,Train/Labeled/Non-Flooded/mask/8319_lab.png,8319
8322,train,Non-Flooded,Train/Labeled/Non-Flooded/image/8322.jpg,Train/Labeled/Non-Flooded/mask/8322_lab.png,8322
8334,test,Non-Flooded,Train/Labeled/Non-Flooded/image/8334.jpg,Train/Labeled/Non-Flooded/mask/8334_lab.png,8334
8336,train,Non-Flooded,Train/Labeled/Non-Flooded/image/8336.jpg,Train/Labeled/Non-Flooded/mask/8336_lab.png,8336
8342,train,Non-Flooded,Train/Labeled/Non-Flooded/image/8342.jpg,Train/Labeled/Non-Flooded/mask/8342_lab.png,8342
8350,train,Non-Flooded,Train/Labeled/Non-Flooded/image/8350.jpg,Train/Labeled/Non-Flooded/mask/8350_lab.png,8350
8351,validation,Non-Flooded,Train/Labeled/Non-Flooded/image/8351.jpg,Train/Labeled/Non-Flooded/mask/8351_lab.png,8351
8355,test,Non-Flooded,Train/Labeled/Non-Flooded/image/8355.jpg,Train/Labeled/Non-Flooded/mask/8355_lab.png,8355
8361,train,Non-Flooded,Train/Labeled/Non-Flooded/image/8361.jpg,Train/Labeled/Non-Flooded/mask/8361_lab.png,8361
8379,train,Flooded,Train/Labeled/Flooded/image/8379.jpg,Train/Labeled/Flooded/mask/8379_lab.png,8379
8385,train,Non-Flooded,Train/Labeled/Non-Flooded/image/8385.jpg,Train/Labeled/Non-Flooded/mask/8385_lab.png,8385
8386,test,Non-Flooded,Train/Labeled/Non-Flooded/image/8386.jpg,Train/Labeled/Non-Flooded/mask/8386_lab.png,8386
8387,train,Non-Flooded,Train/Labeled/Non-Flooded/image/8387.jpg,Train/Labeled/Non-Flooded/mask/8387_lab.png,8387
8388,train,Non-Flooded,Train/Labeled/Non-Flooded/image/8388.jpg,Train/Labeled/Non-Flooded/mask/8388_lab.png,8388
8394,train,Non-Flooded,Train/Labeled/Non-Flooded/image/8394.jpg,Train/Labeled/Non-Flooded/mask/8394_lab.png,8394
8398,train,Non-Flooded,Train/Labeled/Non-Flooded/image/8398.jpg,Train/Labeled/Non-Flooded/mask/8398_lab.png,8398
8405,train,Non-Flooded,Train/Labeled/Non-Flooded/image/8405.jpg,Train/Labeled/Non-Flooded/mask/8405_lab.png,8405
8407,test,Non-Flooded,Train/Labeled/Non-Flooded/image/8407.jpg,Train/Labeled/Non-Flooded/mask/8407_lab.png,8407
8408,train,Flooded,Train/Labeled/Flooded/image/8408.jpg,Train/Labeled/Flooded/mask/8408_lab.png,8408
8412,train,Non-Flooded,Train/Labeled/Non-Flooded/image/8412.jpg,Train/Labeled/Non-Flooded/mask/8412_lab.png,8412
8415,train,Non-Flooded,Train/Labeled/Non-Flooded/image/8415.jpg,Train/Labeled/Non-Flooded/mask/8415_lab.png,8415
8422,train,Non-Flooded,Train/Labeled/Non-Flooded/image/8422.jpg,Train/Labeled/Non-Flooded/mask/8422_lab.png,8422
8424,train,Non-Flooded,Train/Labeled/Non-Flooded/image/8424.jpg,Train/Labeled/Non-Flooded/mask/8424_lab.png,8424
8426,train,Non-Flooded,Train/Labeled/Non-Flooded/image/8426.jpg,Train/Labeled/Non-Flooded/mask/8426_lab.png,8426
8429,train,Non-Flooded,Train/Labeled/Non-Flooded/image/8429.jpg,Train/Labeled/Non-Flooded/mask/8429_lab.png,8429
8437,train,Non-Flooded,Train/Labeled/Non-Flooded/image/8437.jpg,Train/Labeled/Non-Flooded/mask/8437_lab.png,8437
8443,test,Non-Flooded,Train/Labeled/Non-Flooded/image/8443.jpg,Train/Labeled/Non-Flooded/mask/8443_lab.png,8443
8472,train,Non-Flooded,Train/Labeled/Non-Flooded/image/8472.jpg,Train/Labeled/Non-Flooded/mask/8472_lab.png,8472
8475,train,Non-Flooded,Train/Labeled/Non-Flooded/image/8475.jpg,Train/Labeled/Non-Flooded/mask/8475_lab.png,8475
8479,train,Non-Flooded,Train/Labeled/Non-Flooded/image/8479.jpg,Train/Labeled/Non-Flooded/mask/8479_lab.png,8479
8482,validation,Non-Flooded,Train/Labeled/Non-Flooded/image/8482.jpg,Train/Labeled/Non-Flooded/mask/8482_lab.png,8482
8488,train,Non-Flooded,Train/Labeled/Non-Flooded/image/8488.jpg,Train/Labeled/Non-Flooded/mask/8488_lab.png,8488
8500,test,Non-Flooded,Train/Labeled/Non-Flooded/image/8500.jpg,Train/Labeled/Non-Flooded/mask/8500_lab.png,8500
8510,train,Non-Flooded,Train/Labeled/Non-Flooded/image/8510.jpg,Train/Labeled/Non-Flooded/mask/8510_lab.png,8510
8522,validation,Non-Flooded,Train/Labeled/Non-Flooded/image/8522.jpg,Train/Labeled/Non-Flooded/mask/8522_lab.png,8522
8524,train,Non-Flooded,Train/Labeled/Non-Flooded/image/8524.jpg,Train/Labeled/Non-Flooded/mask/8524_lab.png,8524
8529,train,Non-Flooded,Train/Labeled/Non-Flooded/image/8529.jpg,Train/Labeled/Non-Flooded/mask/8529_lab.png,8529
8538,train,Non-Flooded,Train/Labeled/Non-Flooded/image/8538.jpg,Train/Labeled/Non-Flooded/mask/8538_lab.png,8538
8550,test,Non-Flooded,Train/Labeled/Non-Flooded/image/8550.jpg,Train/Labeled/Non-Flooded/mask/8550_lab.png,8550
8556,validation,Non-Flooded,Train/Labeled/Non-Flooded/image/8556.jpg,Train/Labeled/Non-Flooded/mask/8556_lab.png,8556
8594,train,Non-Flooded,Train/Labeled/Non-Flooded/image/8594.jpg,Train/Labeled/Non-Flooded/mask/8594_lab.png,8594
8597,train,Non-Flooded,Train/Labeled/Non-Flooded/image/8597.jpg,Train/Labeled/Non-Flooded/mask/8597_lab.png,8597
8600,test,Non-Flooded,Train/Labeled/Non-Flooded/image/8600.jpg,Train/Labeled/Non-Flooded/mask/8600_lab.png,8600
8603,train,Non-Flooded,Train/Labeled/Non-Flooded/image/8603.jpg,Train/Labeled/Non-Flooded/mask/8603_lab.png,8603
8638,train,Non-Flooded,Train/Labeled/Non-Flooded/image/8638.jpg,Train/Labeled/Non-Flooded/mask/8638_lab.png,8638
8658,test,Non-Flooded,Train/Labeled/Non-Flooded/image/8658.jpg,Train/Labeled/Non-Flooded/mask/8658_lab.png,8658
8775,train,Non-Flooded,Train/Labeled/Non-Flooded/image/8775.jpg,Train/Labeled/Non-Flooded/mask/8775_lab.png,8775
8786,validation,Non-Flooded,Train/Labeled/Non-Flooded/image/8786.jpg,Train/Labeled/Non-Flooded/mask/8786_lab.png,8786
8794,test,Non-Flooded,Train/Labeled/Non-Flooded/image/8794.jpg,Train/Labeled/Non-Flooded/mask/8794_lab.png,8794
8800,train,Non-Flooded,Train/Labeled/Non-Flooded/image/8800.jpg,Train/Labeled/Non-Flooded/mask/8800_lab.png,8800
8802,validation,Non-Flooded,Train/Labeled/Non-Flooded/image/8802.jpg,Train/Labeled/Non-Flooded/mask/8802_lab.png,8802
8805,train,Non-Flooded,Train/Labeled/Non-Flooded/image/8805.jpg,Train/Labeled/Non-Flooded/mask/8805_lab.png,8805
8807,test,Non-Flooded,Train/Labeled/Non-Flooded/image/8807.jpg,Train/Labeled/Non-Flooded/mask/8807_lab.png,8807
8809,train,Non-Flooded,Train/Labeled/Non-Flooded/image/8809.jpg,Train/Labeled/Non-Flooded/mask/8809_lab.png,8809
8822,train,Non-Flooded,Train/Labeled/Non-Flooded/image/8822.jpg,Train/Labeled/Non-Flooded/mask/8822_lab.png,8822
8859,train,Non-Flooded,Train/Labeled/Non-Flooded/image/8859.jpg,Train/Labeled/Non-Flooded/mask/8859_lab.png,8859
8895,train,Non-Flooded,Train/Labeled/Non-Flooded/image/8895.jpg,Train/Labeled/Non-Flooded/mask/8895_lab.png,8895
8911,validation,Non-Flooded,Train/Labeled/Non-Flooded/image/8911.jpg,Train/Labeled/Non-Flooded/mask/8911_lab.png,8911
8924,train,Non-Flooded,Train/Labeled/Non-Flooded/image/8924.jpg,Train/Labeled/Non-Flooded/mask/8924_lab.png,8924
8928,train,Non-Flooded,Train/Labeled/Non-Flooded/image/8928.jpg,Train/Labeled/Non-Flooded/mask/8928_lab.png,8928
8929,train,Non-Flooded,Train/Labeled/Non-Flooded/image/8929.jpg,Train/Labeled/Non-Flooded/mask/8929_lab.png,8929
8940,validation,Non-Flooded,Train/Labeled/Non-Flooded/image/8940.jpg,Train/Labeled/Non-Flooded/mask/8940_lab.png,8940
8956,train,Non-Flooded,Train/Labeled/Non-Flooded/image/8956.jpg,Train/Labeled/Non-Flooded/mask/8956_lab.png,8956
8957,validation,Non-Flooded,Train/Labeled/Non-Flooded/image/8957.jpg,Train/Labeled/Non-Flooded/mask/8957_lab.png,8957
8962,train,Non-Flooded,Train/Labeled/Non-Flooded/image/8962.jpg,Train/Labeled/Non-Flooded/mask/8962_lab.png,8962
8966,train,Non-Flooded,Train/Labeled/Non-Flooded/image/8966.jpg,Train/Labeled/Non-Flooded/mask/8966_lab.png,8966
8967,test,Non-Flooded,Train/Labeled/Non-Flooded/image/8967.jpg,Train/Labeled/Non-Flooded/mask/8967_lab.png,8967
8971,train,Non-Flooded,Train/Labeled/Non-Flooded/image/8971.jpg,Train/Labeled/Non-Flooded/mask/8971_lab.png,8971
8977,test,Non-Flooded,Train/Labeled/Non-Flooded/image/8977.jpg,Train/Labeled/Non-Flooded/mask/8977_lab.png,8977
9000,validation,Flooded,Train/Labeled/Flooded/image/9000.jpg,Train/Labeled/Flooded/mask/9000_lab.png,9000
9003,test,Flooded,Train/Labeled/Flooded/image/9003.jpg,Train/Labeled/Flooded/mask/9003_lab.png,9003
9022,train,Non-Flooded,Train/Labeled/Non-Flooded/image/9022.jpg,Train/Labeled/Non-Flooded/mask/9022_lab.png,9022
9027,train,Non-Flooded,Train/Labeled/Non-Flooded/image/9027.jpg,Train/Labeled/Non-Flooded/mask/9027_lab.png,9027
9036,validation,Non-Flooded,Train/Labeled/Non-Flooded/image/9036.jpg,Train/Labeled/Non-Flooded/mask/9036_lab.png,9036
9040,train,Non-Flooded,Train/Labeled/Non-Flooded/image/9040.jpg,Train/Labeled/Non-Flooded/mask/9040_lab.png,9040
9050,train,Non-Flooded,Train/Labeled/Non-Flooded/image/9050.jpg,Train/Labeled/Non-Flooded/mask/9050_lab.png,9050
9061,train,Non-Flooded,Train/Labeled/Non-Flooded/image/9061.jpg,Train/Labeled/Non-Flooded/mask/9061_lab.png,9061
9066,test,Non-Flooded,Train/Labeled/Non-Flooded/image/9066.jpg,Train/Labeled/Non-Flooded/mask/9066_lab.png,9066
9069,train,Non-Flooded,Train/Labeled/Non-Flooded/image/9069.jpg,Train/Labeled/Non-Flooded/mask/9069_lab.png,9069
9070,train,Non-Flooded,Train/Labeled/Non-Flooded/image/9070.jpg,Train/Labeled/Non-Flooded/mask/9070_lab.png,9070
9080,train,Non-Flooded,Train/Labeled/Non-Flooded/image/9080.jpg,Train/Labeled/Non-Flooded/mask/9080_lab.png,9080
9083,test,Non-Flooded,Train/Labeled/Non-Flooded/image/9083.jpg,Train/Labeled/Non-Flooded/mask/9083_lab.png,9083
9086,test,Non-Flooded,Train/Labeled/Non-Flooded/image/9086.jpg,Train/Labeled/Non-Flooded/mask/9086_lab.png,9086
9093,train,Non-Flooded,Train/Labeled/Non-Flooded/image/9093.jpg,Train/Labeled/Non-Flooded/mask/9093_lab.png,9093
9095,train,Non-Flooded,Train/Labeled/Non-Flooded/image/9095.jpg,Train/Labeled/Non-Flooded/mask/9095_lab.png,9095
9106,train,Non-Flooded,Train/Labeled/Non-Flooded/image/9106.jpg,Train/Labeled/Non-Flooded/mask/9106_lab.png,9106
9278,train,Non-Flooded,Train/Labeled/Non-Flooded/image/9278.jpg,Train/Labeled/Non-Flooded/mask/9278_lab.png,9278
9287,train,Non-Flooded,Train/Labeled/Non-Flooded/image/9287.jpg,Train/Labeled/Non-Flooded/mask/9287_lab.png,9287
9343,train,Non-Flooded,Train/Labeled/Non-Flooded/image/9343.jpg,Train/Labeled/Non-Flooded/mask/9343_lab.png,9343
9345,validation,Non-Flooded,Train/Labeled/Non-Flooded/image/9345.jpg,Train/Labeled/Non-Flooded/mask/9345_lab.png,9345
9351,train,Non-Flooded,Train/Labeled/Non-Flooded/image/9351.jpg,Train/Labeled/Non-Flooded/mask/9351_lab.png,9351
9365,train,Non-Flooded,Train/Labeled/Non-Flooded/image/9365.jpg,Train/Labeled/Non-Flooded/mask/9365_lab.png,9365
9722,train,Non-Flooded,Train/Labeled/Non-Flooded/image/9722.jpg,Train/Labeled/Non-Flooded/mask/9722_lab.png,9722
9723,test,Non-Flooded,Train/Labeled/Non-Flooded/image/9723.jpg,Train/Labeled/Non-Flooded/mask/9723_lab.png,9723
9724,train,Non-Flooded,Train/Labeled/Non-Flooded/image/9724.jpg,Train/Labeled/Non-Flooded/mask/9724_lab.png,9724
9725,test,Non-Flooded,Train/Labeled/Non-Flooded/image/9725.jpg,Train/Labeled/Non-Flooded/mask/9725_lab.png,9725
9876,validation,Non-Flooded,Train/Labeled/Non-Flooded/image/9876.jpg,Train/Labeled/Non-Flooded/mask/9876_lab.png,9876
9884,test,Non-Flooded,Train/Labeled/Non-Flooded/image/9884.jpg,Train/Labeled/Non-Flooded/mask/9884_lab.png,9884
9925,train,Non-Flooded,Train/Labeled/Non-Flooded/image/9925.jpg,Train/Labeled/Non-Flooded/mask/9925_lab.png,9925
